fees,air,car/boat,compressor,courses,gear,refunds,social,specialtrips,trips,misc
stripe,supa,linkt,compressor,course,gear,refund,social,wilson,fuel,merch
fee,supagas,rego,S4897,education,knife,,bbq,prom,trip,inv
,gas,insurance,,FLEM713,cosensor,,drink,overnight,petrol,
,oxygen,aami,,university of melbourne,service,,Misc - Other,airbnb,,
,cylinders,vicroads,,melb uni receivables,inv2549,,,specialtrip,,transfer muuc
,air,boat,,pools,INV-,,,,,
,,car,,,C894772,,,,,funds trns
,,RACV,,,S.D,,,,,
,,Regal,,,2775,,,,,
,,,,,22914,,,,,
,,,,,4284,,,,,
